,bndx,gld,ijh,ijr,soxx,spy,vea,vwo
bndx,1.0,0.5143276510585836,-0.2852284969921202,-0.2213511540252597,0.08696151161893317,-0.03748400745537478,-0.20166677607233263,-0.00132249990446508
gld,0.5143276510585836,1.0,-0.3801005613095982,-0.4191044444237072,0.0067764952117994656,-0.18866308762849915,0.02808514400921115,0.23972562556465624
ijh,-0.2852284969921202,-0.3801005613095982,1.0,0.9721014339772761,0.6344611539797613,0.8722927609718868,0.7181080698915849,0.47422419752666123
ijr,-0.2213511540252597,-0.4191044444237072,0.9721014339772761,1.0,0.6046200057251657,0.8397698736872868,0.643643088121198,0.39954570258949385
soxx,0.08696151161893317,0.0067764952117994656,0.6344611539797613,0.6046200057251657,1.0,0.7416348436181672,0.6224126992972597,0.5874521171539682
spy,-0.03748400745537478,-0.18866308762849915,0.8722927609718868,0.8397698736872868,0.7416348436181672,1.0,0.7530618533316205,0.5595968745282673
vea,-0.20166677607233263,0.02808514400921115,0.7181080698915849,0.643643088121198,0.6224126992972597,0.7530618533316205,1.0,0.7442924452637201
vwo,-0.00132249990446508,0.23972562556465624,0.47422419752666123,0.39954570258949385,0.5874521171539682,0.5595968745282673,0.7442924452637201,1.0
